run_label,severity_bucket,n,avg_reward,pos_rate,action1_rate,mean_p_action1,wait_share,engage_share
PLR_UED,high(6+),77,0.4675324675324675,0.4675324675324675,0.07792207792207792,0.06632140574692565,0.935064935064935,0.06493506493506493
PLR_UED,low(2-3),22,0.5,0.5,0.0,0.001041114385727562,1.0,0.0
PLR_UED,mid(4-5),99,0.5959595959595959,0.5959595959595959,0.0707070707070707,0.04076504890537376,0.9595959595959596,0.04040404040404041
PLR_UED,unknown,2,,0.0,0.0,0.0010426923399790501,0.0,0.0
PPO,high(6+),75,0.41333333333333333,0.41333333333333333,0.0,,1.0,0.0
PPO,low(2-3),26,0.6153846153846154,0.6153846153846154,0.038461538461538464,,0.9615384615384616,0.038461538461538464
PPO,mid(4-5),98,0.5408163265306123,0.5408163265306123,0.0,,1.0,0.0
PPO_NEW_v3,high(6+),78,0.44871794871794873,0.44871794871794873,0.0,,1.0,0.0
PPO_NEW_v3,low(2-3),27,0.5925925925925926,0.5925925925925926,0.037037037037037035,,0.9259259259259259,0.07407407407407407
PPO_NEW_v3,mid(4-5),95,0.5263157894736842,0.5263157894736842,0.010526315789473684,,0.9894736842105263,0.010526315789473684
PPO_NEW_v3_1,high(6+),76,0.42105263157894735,0.42105263157894735,0.0,,1.0,0.0
PPO_NEW_v3_1,low(2-3),27,0.5555555555555556,0.5555555555555556,0.037037037037037035,,0.9259259259259259,0.07407407407407407
PPO_NEW_v3_1,mid(4-5),96,0.5520833333333334,0.5520833333333334,0.010416666666666666,,0.9895833333333334,0.010416666666666666
